Name	Fantasy	Dollars	FPTS	G	AB	H	2B	3B	HR	BB	SO	HBP	SB	CS	playerid
Ryan Brett	Free Agent	 	14	3	3	2	1	0	0	1	0	0	0	0	12138
Emmanuel Burriss	Free Agent	 	14	5	3	2	0	0	0	2	0	0	0	0	2917
Peter O'Brien	Free Agent	 	31	8	10	4	1	0	1	2	5	0	0	0	13288
Jarrett Parker	Free Agent	 	123	21	49	17	2	0	6	5	21	0	1	1	11624
Slade Heathcott	Free Agent	 	59	17	25	10	2	0	2	2	5	0	0	1	10336
Bryce Harper	Touching the Void	$66 	1340	153	521	172	38	1	42	124	131	5	6	4	11579
Max Stassi	Free Agent	 	31	11	15	6	0	0	1	1	5	0	0	0	10059
Travis Tartamella	Free Agent	 	4	3	2	1	0	0	0	0	0	0	0	0	6748
Rico Noel	Free Agent	 	8	15	2	1	0	0	0	0	0	0	5	2	10585
Joey Votto	Montreal Expos	$50 	1249	158	545	171	33	2	29	143	135	5	11	3	4314
Corey Seager	Westsiders	$22 	202	27	98	33	8	1	4	14	19	1	2	0	13624
Daniel Fields	Free Agent	 	6	1	3	1	1	0	0	0	2	0	0	0	10390
Paul Goldschmidt	Indiana Hoosiers	$60 	1270	159	567	182	38	2	33	118	151	2	21	5	9218
Mike Trout	Lake Erie FireSurfers	$75 	1208	159	575	172	32	6	41	92	158	10	11	7	10155
Miguel Cabrera	Westsiders	$45 	878	119	429	145	28	1	18	77	82	3	1	1	1744
Matt Duffy	Free Agent	 	15	8	8	3	1	0	0	1	2	0	0	0	12181
Mikie Mahtook	Free Agent	 	200	41	105	31	5	1	9	6	31	3	4	3	13130
Franklin Gutierrez	Free Agent	 	333	59	171	50	11	0	15	14	54	3	0	0	3255
Ronald Torreyes	Free Agent	 	11	8	6	2	1	0	0	1	1	0	0	0	11400
Josh Donaldson	Do Your Job	$45 	1175	158	620	184	41	2	41	73	133	6	6	0	5038
Ryan Raburn	Free Agent	 	327	82	173	52	16	1	8	23	44	4	0	0	2218
Nelson Cruz	Harvey's Wallbangers	$18 	1082	152	590	178	22	1	44	59	164	5	3	2	2434
Alfredo Marte	Free Agent	 	11	5	6	2	0	0	0	1	1	1	0	0	5212
Giancarlo Stanton	Tim and Lucas	$48 	540	74	279	74	12	1	27	34	95	2	4	2	4949
Miguel Sano	Tim and Lucas	$33 	526	80	279	75	17	1	18	53	119	1	1	1	12164
Edwin Encarnacion	Tim and Lucas	$25 	1004	146	528	146	31	0	39	77	98	9	3	2	2151
Cody Stanley	Free Agent	 	15	9	10	4	1	0	0	0	3	0	0	0	10838
Chris Davis	Touching the Void	$34 	1070	160	573	150	31	0	47	84	208	8	2	3	9272
Jose Bautista	Montreal Expos	$36 	1050	153	543	136	29	3	40	110	106	5	8	2	1887
J.P. Arencibia	Free Agent	 	120	24	71	22	3	0	6	1	22	0	0	0	697
Anthony Rizzo	Montreal Expos	$49 	1085	160	586	163	38	3	31	78	105	30	17	6	3473
Brett Wallace	Free Agent	 	164	64	96	29	6	0	5	10	31	1	0	0	8434
Trayce Thompson	Free Agent	 	208	44	122	36	8	3	5	13	26	0	1	0	9952
Mark Teixeira	The Christian Gentlemen	$1 	722	111	392	100	22	0	31	59	85	6	2	0	1281
Chris Colabello	Free Agent	 	547	101	333	107	19	1	15	22	96	3	2	0	13051
Andrew McCutchen	Do Your Job	$46 	1033	157	566	165	36	3	23	98	133	12	11	5	9847
David Peralta	Tim and Lucas	$19 	787	149	462	144	26	10	17	44	107	4	9	4	2136
David Ortiz	Harvey's Wallbangers	$18 	962	146	528	144	37	0	37	77	95	0	0	1	745
Curt Casali	Death Valley Scalpers	$1 	175	38	101	24	6	0	10	8	34	2	0	0	12510
Mason Williams	Free Agent	 	34	8	21	6	3	0	1	1	3	0	0	0	11859
Kyle Blanks	Free Agent	 	107	18	67	21	5	0	3	4	20	0	1	0	49
Phil Gosselin	Free Agent	 	173	44	106	33	9	1	3	9	16	2	2	1	10953
Ramon Cabrera	Free Agent	 	44	13	30	11	1	0	1	0	5	0	0	0	10327
Gregory Bird	Free Agent	 	262	46	157	41	9	0	11	19	53	1	0	0	14131
Matt Carpenter	Lake Erie FireSurfers	$37 	968	154	574	156	44	3	28	81	151	6	4	3	8090
J.D. Martinez	Montreal Expos	$32 	983	158	596	168	33	2	38	53	178	5	3	2	6184
Andres Blanco	Free Agent	 	369	106	233	68	22	3	7	21	44	4	1	1	1907
Justin Turner	Lake Erie FireSurfers	$4 	630	126	385	113	26	1	16	36	71	13	5	2	5235
Nolan Arenado	Westsiders	$42 	1021	157	616	177	43	4	42	34	110	4	2	5	9777
Corey Dickerson	Indiana Hoosiers	$6 	342	65	224	68	18	2	10	10	56	0	0	1	10762
A.J. Pollock	Do Your Job	$31 	1021	157	609	192	39	6	20	53	89	2	39	7	9256
Kris Bryant	Death Valley Scalpers	$46 	938	151	559	154	31	5	26	77	199	9	13	4	15429
Devon Travis	Indiana Hoosiers	$4 	343	62	217	66	18	0	8	18	43	2	3	1	13862
Manny Machado	Tim and Lucas	$48 	1040	162	633	181	30	1	35	70	111	4	20	8	11493
Randal Grichuk	Indiana Hoosiers	$9 	522	103	323	89	23	7	17	22	110	4	4	2	10243
Tony Sanchez	Free Agent	 	12	3	8	3	0	0	0	1	3	0	0	0	6178
Michael Brantley	Indiana Hoosiers	$18 	873	137	529	164	45	0	15	60	51	2	15	1	4106
Yoenis Cespedes	Touching the Void	$25 	996	159	633	184	42	6	35	33	141	5	7	5	13110
Danny Valencia	Montreal Expos	$3 	545	105	345	100	23	1	18	29	80	1	2	2	6364
Andre Ethier	Westsiders	$1 	621	142	395	116	20	7	14	43	75	4	2	3	6265
Tom Murphy	Death Valley Scalpers	$1 	59	11	35	9	1	0	3	4	10	0	0	0	13499
Ryan Braun	Monongahela River Rats	$23 	839	140	506	144	27	3	25	54	115	4	24	4	3410
Jamie Romak	Free Agent	 	22	12	15	5	2	0	0	1	6	0	0	0	5552
Carlos Correa	Monongahela River Rats	$42 	633	99	387	108	22	1	22	40	78	1	14	4	14162
Shin-Soo Choo	Westsiders	$19 	894	149	555	153	32	3	22	76	147	15	4	2	3174
Kyle Schwarber	Harvey's Wallbangers	$43 	378	69	232	57	6	1	16	36	77	4	3	3	16478
John Jaso	Indiana Hoosiers	$4 	291	70	185	53	17	0	5	28	39	1	1	2	5887
Kendrys Morales	Westsiders	$7 	890	158	569	165	41	2	22	58	103	8	0	0	8610
Stephen Piscotty	Tim and Lucas	$9 	361	63	233	71	15	4	7	20	56	1	2	1	13367
Freddie Freeman	Italian Stallions	$32 	667	118	416	115	27	0	18	56	98	7	3	1	5361
Carlos Gonzalez	Italian Stallions	$21 	891	153	554	150	25	2	40	46	133	1	2	0	7287
Buster Posey	Harvey's Wallbangers	$50 	875	150	557	177	28	0	19	56	52	3	2	0	9166
Rob Refsnyder	Free Agent	 	70	16	43	13	3	0	2	3	7	0	2	0	13770
Joe Panik	Montreal Expos	$9 	578	100	382	119	27	2	8	38	42	5	3	2	11936
Jose Abreu	Death Valley Scalpers	$39 	944	154	613	178	34	3	30	39	140	15	0	0	15676
Alex Rodriguez	Tim and Lucas	$3 	868	151	523	131	22	1	33	84	145	6	4	0	1274
George Springer	Do Your Job	$25 	621	102	388	107	19	2	16	50	109	8	16	4	12856
Prince Fielder	Italian Stallions	$32 	957	158	613	187	28	0	23	64	88	11	0	0	4613
Lorenzo Cain	Death Valley Scalpers	$12 	862	140	551	169	34	6	16	37	98	12	28	6	9077
Maikel Franco	Monongahela River Rats	$18 	465	80	304	85	22	1	14	26	52	4	1	0	12179
Michael Conforto	Touching the Void	$11 	266	56	174	47	14	0	9	17	39	1	0	1	16376
Brandon Belt	Harvey's Wallbangers	$13 	763	137	492	138	33	5	18	56	147	4	9	3	10264
Lucas Duda	Monongahela River Rats	$12 	757	135	471	115	33	0	27	66	138	14	0	2	2502
David Wright	Indiana Hoosiers	$6 	229	38	152	44	7	0	5	22	36	0	2	1	3787
Enrique Hernandez	Indiana Hoosiers	$2 	291	76	202	62	12	2	7	11	46	2	0	2	10472
Francisco Lindor	Indiana Hoosiers	$20 	594	99	390	122	22	4	12	27	69	1	12	2	12916
Curtis Granderson	Westsiders	$9 	910	157	580	150	33	2	26	91	151	7	11	6	4747
Jung-ho Kang	Do Your Job	$10 	612	126	421	121	24	2	15	28	99	17	5	4	17182
Travis d'Arnaud	Tim and Lucas	$11 	360	67	239	64	14	1	12	23	49	4	0	0	7739
Jackie Bradley Jr.	Touching the Void	$2 	349	74	221	55	17	4	10	27	69	3	3	0	12984
Jason Kipnis	The Christian Gentlemen	$19 	840	141	565	171	43	7	9	57	107	9	12	8	9776
Eric Hosmer	Do Your Job	$22 	888	158	599	178	33	5	18	61	108	3	7	3	3516
Shawn O'Malley	Free Agent	 	74	24	42	11	1	0	1	12	14	0	3	0	9629
Adrian Gonzalez	The Christian Gentlemen	$19 	868	156	571	157	33	0	28	62	107	6	0	1	1908
Jason Rogers	Free Agent	 	217	86	152	45	6	2	4	15	34	2	0	0	11773
Aaron Altherr	Free Agent	 	218	39	137	33	11	4	5	16	41	5	6	2	11270
Khris Davis	Touching the Void	$11 	604	121	392	97	16	2	27	44	122	1	6	2	9112
Mike Moustakas	Monongahela River Rats	$6 	800	147	549	156	34	1	22	43	76	13	1	2	4892
Chris Gimenez	Free Agent	 	149	36	98	25	6	1	5	10	19	1	2	0	7324
Justin Morneau	Free Agent	 	240	49	168	52	10	3	3	13	25	1	0	0	1737
Tommy Pham	Free Agent	 	233	52	153	41	7	5	5	19	41	0	2	0	2967
Mookie Betts	Indiana Hoosiers	$42 	881	145	597	174	42	8	18	46	82	2	21	6	13611
Matt Holliday	The Christian Gentlemen	$7 	355	73	229	64	16	1	4	39	49	6	2	1	1873
Alex Gordon	Italian Stallions	$14 	537	104	354	96	18	0	13	49	92	14	2	5	5209
Adam Lind	Harvey's Wallbangers	$1 	758	149	502	139	32	0	20	66	100	1	0	0	8027
Bryan Anderson	Free Agent	 	9	4	5	2	0	0	0	1	1	0	0	0	9871
Logan Forsythe	Montreal Expos	$3 	791	153	540	152	33	2	17	55	111	14	9	4	7185
Ben Zobrist	Harvey's Wallbangers	$19 	683	126	467	129	36	3	13	62	56	1	3	4	7435
Jackson Williams	Free Agent	 	18	7	10	2	1	0	0	4	1	0	1	0	8524
Justin Ruggiano	Free Agent	 	186	57	125	31	8	1	6	14	41	2	5	2	7620
Travis Shaw	Free Agent	 	324	65	226	61	10	0	13	18	57	2	0	1	11982
Yunel Escobar	Harvey's Wallbangers	$1 	726	139	535	168	25	1	9	45	70	8	2	2	4191
Denard Span	The Christian Gentlemen	$4 	364	61	246	74	17	0	5	25	26	1	11	0	8347
Scott Schebler	Westsiders	$1 	56	19	36	9	0	0	3	3	13	1	2	1	12225
Nick Hundley	Montreal Expos	$6 	492	103	366	110	21	5	10	21	76	1	5	6	3376
Mitch Moreland	Monongahela River Rats	$1 	676	132	471	131	27	0	23	32	112	7	1	0	3086
Hunter Pence	Monongahela River Rats	$13 	293	52	207	57	13	1	9	16	48	0	4	1	8252
Jose Altuve	Westsiders	$40 	924	154	638	200	40	4	15	33	67	9	38	13	5417
Dustin Pedroia	Italian Stallions	$8 	532	93	381	111	19	1	12	38	51	2	2	2	8370
Carlos Beltran	Harvey's Wallbangers	$1 	685	133	478	132	34	1	19	45	85	2	0	0	589
Adam Eaton	Harvey's Wallbangers	$10 	862	153	610	175	28	9	14	58	131	14	18	8	11205
Derek Dietrich	Free Agent	 	363	90	250	64	14	3	10	23	65	13	0	2	10542
Jason Heyward	The Christian Gentlemen	$29 	799	154	547	160	33	4	13	56	90	2	23	3	4940
Charlie Blackmon	Monongahela River Rats	$23 	895	157	614	176	31	9	17	46	112	13	43	13	7859
Matt den Dekker	Free Agent	 	135	55	99	25	6	1	5	9	20	0	0	1	11385
Christian Yelich	Lake Erie FireSurfers	$21 	652	126	476	143	30	2	7	47	101	2	16	5	11477
Darwin Barney	Free Agent	 	37	17	27	7	1	0	2	1	2	0	0	0	2430
Justin Bour	Tim and Lucas	$2 	572	129	409	107	20	0	23	34	101	2	0	0	9744
Todd Frazier	Touching the Void	$21 	881	157	619	158	43	1	35	44	137	7	13	8	785
Brandon Guyer	Free Agent	 	463	128	332	88	21	2	8	25	61	24	10	4	2636
Francisco Cervelli	Montreal Expos	$4 	599	130	451	133	17	5	7	46	94	8	1	1	5275
Clint Robinson	Free Agent	 	431	126	309	84	15	1	10	37	52	5	0	0	6908
Russell Martin	Westsiders	$13 	624	129	441	106	23	2	23	53	106	8	4	5	4616
Justin Upton	Italian Stallions	$31 	795	150	542	136	26	3	26	68	159	4	19	5	5222
Colby Rasmus	Do Your Job	$1 	606	137	432	103	23	2	25	47	154	2	2	1	9893
Ben Paulsen	Indiana Hoosiers	$1 	432	116	325	90	19	4	11	23	92	2	1	2	9741
Josh Reddick	Tim and Lucas	$8 	719	149	526	143	25	4	20	49	65	0	10	2	3892
Xander Bogaerts	The Christian Gentlemen	$33 	787	156	613	196	35	3	7	32	101	3	10	2	12161
Jonathan Schoop	Monongahela River Rats	$7 	404	86	305	85	17	0	15	9	79	4	2	0	11265
Chris Coghlan	Monongahela River Rats	$2 	631	148	440	110	25	6	16	58	94	3	11	2	6878
Starling Marte	Italian Stallions	$25 	795	153	579	166	30	2	19	27	123	19	30	10	9241
Adrian Beltre	The Christian Gentlemen	$18 	765	143	567	163	32	4	18	41	65	3	1	0	639
Gregor Blanco	Free Agent	 	461	115	327	95	19	3	5	40	59	2	13	5	3123
Dee Gordon	Italian Stallions	$16 	821	145	615	205	24	8	4	25	91	2	58	20	8203
Domingo Santana	Free Agent	 	228	52	160	38	7	0	8	20	63	5	4	1	10348
Adam Duvall	Lake Erie FireSurfers	$1 	91	27	64	14	2	0	5	6	26	2	0	0	10950
A.J. Ellis	Free Agent	 	251	63	181	43	9	0	7	32	38	1	0	0	5677
Adonis Garcia	Free Agent	 	250	58	191	53	12	0	10	5	35	0	0	0	13777
Stephen Vogt	Monongahela River Rats	$8 	620	136	445	116	21	3	18	56	97	2	0	2	5000
Robinson Cano	Death Valley Scalpers	$31 	805	156	624	179	34	1	21	43	107	3	2	6	3269
Kelby Tomlinson	Free Agent	 	221	54	178	54	6	3	2	14	40	1	5	4	13005
Yasmani Grandal	Lake Erie FireSurfers	$7 	493	115	355	83	12	0	16	65	92	2	0	1	11368
Joc Pederson	Do Your Job	$15 	682	151	480	101	19	1	26	92	170	9	4	7	11899
Jorge Polanco	Free Agent	 	15	4	10	3	0	0	0	2	1	0	1	0	13152
Troy Tulowitzki	Westsiders	$26 	648	128	486	136	27	0	17	38	114	6	1	0	3531
Ian Kinsler	The Christian Gentlemen	$20 	797	154	624	185	35	7	11	43	80	3	10	6	6195
Kyle Seager	Harvey's Wallbangers	$17 	830	161	623	166	37	0	26	54	98	5	6	6	9785
Adam Jones	Death Valley Scalpers	$27 	720	137	546	147	25	3	27	24	102	8	3	1	6368
Gerardo Parra	Monongahela River Rats	$11 	722	155	547	159	36	5	14	28	92	5	14	4	8553
Wil Myers	Lake Erie FireSurfers	$7 	301	60	225	57	13	1	8	27	55	1	5	2	10047
Steve Tolleson	Free Agent	 	57	19	41	11	5	1	0	4	9	0	2	0	4450
Rougned Odor	Monongahela River Rats	$20 	561	120	426	111	21	9	16	23	79	14	6	7	12282
Socrates Brito	Monongahela River Rats	$3 	42	18	33	10	3	1	0	1	7	0	1	0	12944
Odubel Herrera	Monongahela River Rats	$2 	624	147	495	147	30	3	8	28	129	8	16	8	11476
Albert Pujols	The Christian Gentlemen	$12 	830	157	602	147	22	0	40	50	72	6	5	3	1177
A.J. Pierzynski	Free Agent	 	509	113	407	122	24	1	9	19	37	7	0	2	746
Dexter Fowler	The Christian Gentlemen	$12 	813	156	596	149	29	8	17	84	154	5	20	7	4062
Pedro Alvarez	Indiana Hoosiers	$3 	616	150	437	106	18	0	27	48	131	2	2	0	2495
Chris Young	Free Agent	 	427	140	318	80	20	1	14	30	73	3	3	1	3882
Robinson Chirinos	Westsiders	$1 	315	78	233	54	16	1	10	28	62	5	0	0	3142
Brandon Crawford	Death Valley Scalpers	$9 	687	143	507	130	33	4	21	39	119	11	6	4	5343
Seth Smith	Westsiders	$1 	538	136	395	98	31	5	12	47	99	4	0	0	7331
Matt Duffy	Montreal Expos	$4 	729	149	573	169	28	6	12	30	96	5	12	0	13836
Roberto Perez	Free Agent	 	254	70	184	42	9	1	7	33	64	2	0	0	2900
Carlos Santana	Indiana Hoosiers	$13 	781	154	550	127	29	2	19	108	122	3	11	3	2396
Justin Smoak	Free Agent	 	394	132	296	67	16	1	18	29	86	2	0	0	9054
Ketel Marte	Indiana Hoosiers	$8 	281	57	219	62	14	3	2	24	43	0	8	4	13613
Cole Gillespie	Free Agent	 	184	67	145	42	10	2	2	10	27	0	4	1	5888
Marwin Gonzalez	Free Agent	 	415	120	344	96	18	1	12	16	74	3	4	5	5497
Ryan Zimmerman	Death Valley Scalpers	$1 	468	95	346	86	25	1	16	33	79	1	1	0	4220
Chris Dominguez	Free Agent	 	29	14	23	6	1	1	1	0	12	0	0	0	9718
Hank Conger	Free Agent	 	264	73	201	46	11	0	11	23	63	2	0	1	2505
Miguel Montero	The Christian Gentlemen	$2 	466	113	347	86	11	0	15	49	103	4	1	1	3364
Eduardo Nunez	Free Agent	 	236	72	188	53	14	1	4	12	29	1	8	4	6848
Eugenio Suarez	Montreal Expos	$4 	464	97	372	104	19	2	13	17	94	3	4	1	12552
Josh Wilson	Free Agent	 	44	21	38	12	3	0	0	0	15	2	0	0	2102
Yasiel Puig	Lake Erie FireSurfers	$29 	358	79	282	72	12	3	11	26	66	2	3	3	14225
Zack Cozart	Tim and Lucas	$1 	251	53	194	50	10	1	9	14	29	2	3	3	2616
Jonathan Villar	Montreal Expos	$1 	151	53	116	33	7	1	2	10	29	0	7	2	10071
DJ LeMahieu	Montreal Expos	$8 	722	150	564	170	21	5	6	50	107	1	23	3	9874
Mark Trumbo	The Christian Gentlemen	$4 	635	142	508	133	23	3	22	36	132	0	0	0	6876
Brett Gardner	The Christian Gentlemen	$6 	747	151	571	148	26	3	16	68	135	6	20	5	9927
Nick Markakis	Montreal Expos	$4 	766	156	612	181	38	1	3	70	83	3	2	1	5930
Yonder Alonso	Free Agent	 	436	103	354	100	18	1	5	42	48	3	2	5	2530
Brian McCann	The Christian Gentlemen	$14 	622	135	465	108	15	1	26	52	97	11	0	0	4810
Evan Longoria	Italian Stallions	$15 	787	160	604	163	35	1	21	51	132	6	3	1	9368
Alejandro De Aza	Free Agent	 	413	114	325	85	17	7	7	31	84	5	7	5	3371
Melvin Upton	Free Agent	 	268	87	205	53	12	4	5	21	62	0	9	3	5015
Nori Aoki	Montreal Expos	$1 	436	93	355	102	12	3	5	30	25	6	14	5	13075
Howie Kendrick	Tim and Lucas	$3 	556	117	464	137	22	2	9	27	82	2	6	2	4229
Matt Kemp	Death Valley Scalpers	$15 	761	154	596	158	31	3	23	39	147	5	12	2	5631
Joey Butler	Free Agent	 	312	88	257	71	12	0	8	16	82	3	5	2	7799
Ender Inciarte	Montreal Expos	$5 	632	132	524	159	27	5	6	26	58	4	21	10	4922
Neil Walker	The Christian Gentlemen	$7 	696	151	543	146	32	3	16	44	110	8	4	1	7539
David Freese	Free Agent	 	524	121	424	109	27	0	14	31	107	12	1	1	9549
Luis Valbuena	Free Agent	 	566	132	434	97	18	0	25	50	106	6	1	0	4969
Daniel Murphy	Harvey's Wallbangers	$12 	635	130	499	140	38	2	14	31	38	2	2	2	4316
Yangervis Solarte	Do Your Job	$1 	641	152	526	142	33	4	14	34	56	6	1	0	5352
Nolan Reimold	Free Agent	 	217	61	170	42	5	1	6	23	47	2	0	0	3441
Doug Bernier	Free Agent	 	7	4	5	1	1	0	0	1	3	0	0	0	4518
Jarrod Saltalamacchia	Free Agent	 	255	79	200	45	15	0	9	23	69	2	0	0	5557
Kelly Johnson	Free Agent	 	383	111	310	82	11	0	14	23	81	0	2	1	2234
Josh Phegley	Indiana Hoosiers	$1 	276	73	225	56	16	1	9	14	51	3	0	0	9308
Brian Dozier	Harvey's Wallbangers	$24 	816	157	628	148	39	4	28	61	148	7	12	4	9810
Eduardo Escobar	Indiana Hoosiers	$1 	501	127	409	107	31	4	12	28	86	2	2	3	6153
Jhonny Peralta	Do Your Job	$8 	708	155	579	159	26	1	17	50	111	5	1	4	1738
Mark Canha	Free Agent	 	548	124	441	112	22	3	16	33	96	8	7	2	11445
Michael McKenry	Free Agent	 	164	58	127	26	7	3	4	22	41	2	2	2	9628
Brock Holt	Do Your Job	$1 	548	129	454	127	27	6	2	46	97	3	8	1	9345
Matt Wieters	Westsiders	$4 	313	75	258	69	14	1	8	21	67	0	0	0	4298
Mike Napoli	Lake Erie FireSurfers	$2 	516	133	407	91	20	1	18	57	118	4	3	3	3057
Trevor Plouffe	Lake Erie FireSurfers	$3 	705	152	573	140	35	4	22	50	124	4	2	1	7462
Welington Castillo	Monongahela River Rats	$5 	432	110	342	81	15	1	19	25	92	6	0	0	3256
Rajai Davis	Free Agent	 	423	112	341	88	16	11	8	22	76	3	18	8	3708
Bryan Holaday	Free Agent	 	73	24	64	18	5	0	2	1	13	0	0	0	11287
Jaff Decker	Free Agent	 	35	23	28	6	1	1	0	7	9	0	0	0	7945
Juan Uribe	Free Agent	 	442	119	360	91	17	0	14	34	80	2	2	0	454
Chris Carter	Free Agent	 	506	129	391	78	17	0	24	57	151	6	1	2	9911
Brad Miller	Touching the Void	$4 	545	144	438	113	22	4	11	47	101	2	13	4	12775
Cory Spangenberg	Indiana Hoosiers	$3 	368	108	303	82	17	5	4	28	75	2	9	4	12294
Jesus Aguilar	Free Agent	 	21	7	19	6	1	0	0	0	7	1	0	0	11342
Asdrubal Cabrera	Monongahela River Rats	$1 	616	143	505	134	28	5	15	36	107	3	6	3	4962
JR Murphy	Free Agent	 	185	67	155	43	9	1	3	12	43	1	0	0	10346
David Murphy	Free Agent	 	420	132	361	102	18	1	10	20	49	1	0	2	6035
Tyler Collins	Free Agent	 	223	60	192	51	11	3	4	13	43	1	2	1	12723
Eric Fryer	Free Agent	 	27	15	22	5	2	0	0	5	11	0	0	0	8145
Preston Tucker	Westsiders	$1 	350	98	300	73	19	0	13	20	68	3	0	2	13633
C.J. Cron	Free Agent	 	451	113	378	99	17	1	16	17	82	5	3	1	12546
Martin Prado	Death Valley Scalpers	$1 	594	129	500	144	22	2	9	37	68	5	1	0	3312
Greg Garcia	Free Agent	 	92	49	75	18	5	0	2	10	12	1	0	0	10951
Billy Burns	Harvey's Wallbangers	$3 	610	125	520	153	18	9	5	26	81	6	26	8	12701
Kole Calhoun	Touching the Void	$12 	749	159	630	161	23	2	26	45	164	5	4	1	11200
Delino Deshields	Indiana Hoosiers	$2 	529	121	425	111	22	10	2	53	101	3	25	8	11379
Evan Gattis	Westsiders	$3 	683	153	566	139	20	11	27	30	119	3	0	1	11003
Marlon Byrd	Free Agent	 	611	135	506	125	25	5	23	29	145	4	2	1	950
Tommy La Stella	Free Agent	 	82	33	67	18	6	0	1	5	7	1	2	0	12371
Steven Souza	The Christian Gentlemen	$2 	456	110	373	84	15	1	16	46	144	5	12	6	5667
Steve Clevenger	Free Agent	 	115	30	101	29	4	2	2	4	13	0	0	0	9542
Matt Hague	Free Agent	 	17	10	12	3	1	0	0	2	4	1	0	0	7772
Eddie Rosario	Death Valley Scalpers	$3 	534	122	453	121	18	15	13	15	118	0	11	6	12155
Ben Revere	Lake Erie FireSurfers	$2 	685	152	592	181	22	7	2	32	64	2	31	7	4712
Carlos Gomez	Tim and Lucas	$13 	510	115	435	111	29	1	12	31	101	7	17	9	4881
Brandon Phillips	Do Your Job	$1 	688	148	588	173	19	2	12	27	68	4	23	3	791
Jose Iglesias	Harvey's Wallbangers	$2 	461	120	416	125	17	3	2	25	44	6	11	8	10231
Javier Baez	Indiana Hoosiers	$4 	82	28	76	22	6	0	1	4	24	0	1	2	12979
Anthony Rendon	Indiana Hoosiers	$26 	358	80	311	82	16	0	5	36	70	4	1	2	12861
Jimmy Paredes	Free Agent	 	405	104	363	100	17	2	10	19	111	0	4	4	5481
Josh Hamilton	Do Your Job	$1 	199	50	170	43	8	0	8	10	52	0	0	0	1875
Aaron Hicks	Monongahela River Rats	$4 	429	97	352	90	11	3	11	34	66	2	13	3	5297
Cole Figueroa	Free Agent	 	9	2	8	2	2	0	0	0	0	0	0	0	8790
Carlos Peguero	Free Agent	 	98	34	75	14	4	0	4	13	37	1	2	0	8760
Josh Harrison	Westsiders	$4 	456	114	418	120	29	1	4	19	71	7	10	8	8202
Jonathan Lucroy	Harvey's Wallbangers	$24 	432	103	371	98	20	3	7	36	64	1	1	0	7870
Jorge Soler	Lake Erie FireSurfers	$5 	431	101	366	96	18	1	10	32	121	3	3	1	14221
Jake Lamb	Indiana Hoosiers	$2 	405	107	350	92	15	5	6	36	97	1	3	2	13329
Abraham Almonte	Free Agent	 	277	82	232	58	12	5	5	21	52	0	7	1	5486
Blake Swihart	Touching the Void	$3 	315	84	288	79	17	1	5	18	77	1	4	2	13176
Mark Reynolds	Free Agent	 	445	140	382	88	21	2	13	44	121	4	2	3	7619
Billy Butler	Free Agent	 	623	151	538	135	28	1	15	52	101	7	0	0	7399
Christian Colon	Free Agent	 	114	43	107	31	5	0	0	11	17	0	3	2	11145
Hector Olivera	Death Valley Scalpers	$2 	90	24	79	20	4	1	2	5	12	2	0	0	17528
Marcus Semien	Lake Erie FireSurfers	$16 	628	155	556	143	23	7	15	42	132	1	11	5	12533
Nick Castellanos	Touching the Void	$4 	618	154	549	140	33	6	15	39	152	1	0	3	11737
Geovany Soto	Free Agent	 	214	78	187	41	8	0	9	21	63	1	0	1	3707
Joe Mauer	Harvey's Wallbangers	$1 	696	158	592	157	34	2	10	67	112	1	2	1	1857
Darin Ruf	Free Agent	 	312	106	268	63	12	0	12	21	69	5	1	0	9929
Kevin Pillar	Montreal Expos	$4 	676	159	586	163	31	2	12	28	85	5	25	4	12434
Reynaldo Navarro	Free Agent	 	31	10	29	8	2	0	1	0	3	0	0	0	6008
Danny Espinosa	Harvey's Wallbangers	$1 	436	118	367	88	21	1	13	33	106	6	5	2	9219
Kolten Wong	Tim and Lucas	$5 	627	150	557	146	28	4	11	36	95	15	15	8	12532
Kevin Kiermaier	Harvey's Wallbangers	$2 	573	151	505	133	25	12	10	24	95	2	18	5	11038
Richie Shaffer	Free Agent	 	87	31	74	14	3	0	4	10	32	3	0	1	13271
Jay Bruce	Death Valley Scalpers	$6 	705	157	580	131	35	4	26	58	145	2	9	5	9892
Derek Norris	Touching the Void	$4 	574	147	515	129	33	2	14	35	131	6	4	1	6867
Aramis Ramirez	Free Agent	 	546	137	475	117	31	1	17	31	68	5	1	0	1002
Jeff Francoeur	Free Agent	 	355	119	326	84	16	1	13	13	77	1	0	2	4792
Steve Pearce	Free Agent	 	338	92	294	64	13	1	15	23	69	7	1	1	9957
Brandon Moss	Monongahela River Rats	$3 	543	145	469	106	24	2	19	49	148	5	0	1	4467
Hanley Ramirez	Do Your Job	$14 	456	105	401	100	12	1	19	21	71	4	6	3	8001
Ryan Howard	Free Agent	 	534	129	467	107	29	1	23	27	138	5	0	0	2154
Brian Bogusevic	Free Agent	 	66	22	58	15	3	0	2	3	21	0	2	0	4719
Cameron Maybin	Free Agent	 	574	141	505	135	18	2	10	45	102	1	23	6	5223
Yasmany Tomas	Death Valley Scalpers	$2 	433	118	406	111	19	3	9	17	110	2	5	2	17171
Melky Cabrera	Westsiders	$7 	695	158	629	172	36	2	12	40	88	2	3	0	4022
Chase Headley	The Christian Gentlemen	$1 	622	156	580	150	29	1	11	51	135	7	0	2	4720
Michael Cuddyer	Free Agent	 	410	117	379	98	18	1	10	24	88	4	2	0	1534
J.B. Shuck	Free Agent	 	155	79	143	38	8	2	0	16	16	1	7	5	6677
Cesar Hernandez	Free Agent	 	449	127	405	110	20	4	1	40	86	2	19	5	10556
Brett Lawrie	Lake Erie FireSurfers	$5 	610	149	562	146	29	3	16	28	144	5	5	2	5247
Jed Lowrie	The Christian Gentlemen	$1 	276	69	230	51	14	0	9	28	43	3	1	0	4418
Scott Van Slyke	Free Agent	 	256	96	222	53	14	0	6	23	62	4	3	1	4365
Brent Morel	Free Agent	 	7	3	7	2	1	0	0	0	3	0	0	0	6402
Carl Crawford	Free Agent	 	206	69	181	48	9	2	4	10	41	0	10	2	1201
Dustin Ackley	Free Agent	 	268	108	238	55	11	3	10	18	45	1	2	2	10099
Joey Gallo	Italian Stallions	$6 	137	36	108	22	3	1	6	15	57	0	3	0	14128
Austin Jackson	Free Agent	 	517	136	491	131	25	3	9	29	126	3	17	10	9848
Ezequiel Carrera	Free Agent	 	183	91	172	47	8	0	3	11	45	2	2	1	9048
Gregory Polanco	Death Valley Scalpers	$10 	670	153	593	152	35	6	9	55	121	1	27	10	12907
Torii Hunter	Free Agent	 	562	139	521	125	22	0	22	35	105	6	2	5	731
Anthony Gose	Free Agent	 	523	140	485	123	24	8	5	45	145	3	23	11	5097
Addison Russell	Touching the Void	$14 	515	142	475	115	29	1	13	42	149	3	4	3	14106
Wilmer Flores	Touching the Void	$2 	509	137	483	127	22	0	16	19	63	4	0	1	5827
Jefry Marte	Free Agent	 	88	33	80	17	4	0	4	8	22	0	0	0	5107
Wilin Rosario	Free Agent	 	247	87	231	62	14	1	6	8	56	1	2	1	8002
Paulo Orlando	Free Agent	 	254	86	241	60	14	6	7	5	53	2	3	3	8628
Johnny Giavotella	Free Agent	 	477	129	453	123	25	5	4	32	59	2	2	1	6740
Ruben Tejada	Free Agent	 	391	116	360	94	23	0	3	38	70	5	2	1	5519
Didi Gregorius	Tim and Lucas	$1 	552	155	525	139	24	2	9	33	85	11	5	3	6012
Miguel Rojas	Free Agent	 	148	60	142	40	7	1	1	11	16	0	0	1	7802
Chris Denorfia	Free Agent	 	218	103	212	57	11	1	3	15	56	1	0	1	4400
Jarrod Dyson	Free Agent	 	251	90	200	50	8	6	2	14	37	4	26	3	4866
Grady Sizemore	Free Agent	 	282	97	273	69	17	0	6	20	60	2	3	3	2197
Austin Barnes	Free Agent	 	33	20	29	6	2	0	0	6	6	1	1	0	12158
Marcell Ozuna	Indiana Hoosiers	$6 	474	123	459	119	27	0	10	30	110	3	2	3	10324
Henry Urrutia	Free Agent	 	35	10	34	9	1	0	1	2	3	0	0	0	14441
Caleb Joseph	Do Your Job	$1 	346	100	320	75	16	1	11	27	72	3	0	0	7087
Jedd Gyorko	Do Your Job	$1 	449	128	421	104	15	0	16	27	107	5	0	1	10816
Ivan De Jesus	Free Agent	 	206	76	201	49	10	2	4	19	55	1	0	2	9886
Ryan Hanigan	Free Agent	 	181	54	174	43	8	0	2	20	39	4	0	0	4952
Jose Reyes	Do Your Job	$1 	515	116	481	132	25	2	7	26	62	0	24	6	1736
Salvador Perez	Lake Erie FireSurfers	$17 	565	142	531	138	25	0	21	13	82	4	1	0	7304
Jayson Werth	The Christian Gentlemen	$2 	363	88	331	73	16	1	12	38	84	3	0	1	1327
Tim Beckham	Free Agent	 	228	83	203	45	7	4	9	13	69	3	3	1	7949
Jordan Pacheco	Free Agent	 	74	29	66	16	0	0	2	9	14	1	1	0	2677
Shane Peterson	Free Agent	 	204	93	201	52	7	3	2	20	55	0	0	1	7423
Dilson Herrera	Free Agent	 	102	31	90	19	3	1	3	11	23	2	2	0	14335
Chris Heisey	Free Agent	 	68	33	55	10	2	0	2	15	17	0	0	1	3978
J.T. Realmuto	Indiana Hoosiers	$4 	459	126	441	114	21	7	10	19	70	2	8	4	11739
Cody Asche	Free Agent	 	437	129	425	104	22	3	12	26	111	4	1	2	11997
Logan Morrison	Free Agent	 	497	146	457	103	15	3	17	47	81	4	8	4	9205
Adeiny Hechavarria	Harvey's Wallbangers	$1 	482	130	470	132	17	6	5	23	78	2	7	2	10459
Stefen Romero	Free Agent	 	23	13	21	4	1	0	1	3	6	0	0	0	11746
James McCann	Harvey's Wallbangers	$1 	393	114	401	106	18	5	7	16	90	3	0	1	12859
Ryan Goins	Free Agent	 	388	128	376	94	16	4	5	39	83	1	2	1	9807
Alex Guerrero	Free Agent	 	231	106	219	51	9	1	11	7	57	2	1	0	15670
Dioner Navarro	Free Agent	 	183	54	171	42	7	0	5	17	29	0	0	0	3179
Elian Herrera	Free Agent	 	266	83	256	62	18	0	7	18	72	0	3	1	5432
Will Venable	Free Agent	 	383	135	349	85	13	3	6	37	94	2	16	1	211
Avisail Garcia	Free Agent	 	551	148	553	142	17	2	13	36	141	8	7	7	5760
Chris Parmelee	Free Agent	 	96	32	97	21	7	1	4	4	26	1	0	1	2554
Brayan Pena	Free Agent	 	323	108	333	91	17	0	0	29	34	2	2	0	3231
James Loney	Free Agent	 	353	104	361	101	16	0	4	23	34	1	2	4	4556
Ian Desmond	Death Valley Scalpers	$13 	602	156	583	136	27	2	19	45	187	3	13	5	6885
Jacoby Ellsbury	Italian Stallions	$4 	459	111	452	116	15	2	7	35	86	7	21	9	4727
Desmond Jennings	Death Valley Scalpers	$1 	98	28	97	26	2	1	1	8	17	1	5	3	1965
Jonny Gomes	Free Agent	 	237	95	225	48	9	0	7	31	81	3	1	1	1845
Andrew Susac	Free Agent	 	134	52	133	29	7	2	3	14	43	1	0	0	13132
Alex Avila	Free Agent	 	182	67	178	34	5	0	4	40	66	0	0	1	7476
Jerry Sands	Free Agent	 	124	50	123	29	5	1	4	9	36	0	0	0	4016
Jemile Weeks	Free Agent	 	8	3	9	3	0	0	0	0	2	0	0	0	2498
Dariel Alvarez	Free Agent	 	29	12	29	7	1	0	1	2	8	0	0	0	15580
Oswaldo Arcia	Tim and Lucas	$1 	68	19	58	16	0	0	2	4	15	2	0	0	10306
Travis Snider	Free Agent	 	241	87	237	55	12	2	4	26	66	2	1	0	2830
Dalton Pompey	Westsiders	$2 	99	34	94	21	8	0	2	7	23	2	5	1	12797
Jeff Baker	Free Agent	 	73	41	72	15	3	0	3	8	25	0	0	0	2073
Elvis Andrus	Italian Stallions	$4 	609	160	596	154	34	2	7	46	78	2	25	9	8709
Josh Rutledge	Free Agent	 	77	39	74	21	1	0	1	5	26	2	0	0	11167
Michael Morse	Free Agent	 	222	98	229	53	7	1	5	23	76	4	0	0	3035
Cameron Rupp	Free Agent	 	277	81	270	63	9	1	9	24	71	3	0	1	11146
Chris Stewart	Free Agent	 	146	58	159	46	8	0	0	6	29	2	0	0	3878
Andrelton Simmons	Lake Erie FireSurfers	$2 	512	147	535	142	23	2	4	39	48	6	5	3	10847
Drew Stubbs	Free Agent	 	133	78	123	24	4	2	5	14	60	1	5	1	9328
Scooter Gennett	Free Agent	 	352	114	375	99	18	4	6	12	68	4	1	3	10339
Jon Singleton	Free Agent	 	51	19	47	9	2	0	1	10	17	0	1	0	10441
Starlin Castro	Do Your Job	$9 	520	151	547	145	23	2	11	21	91	5	5	5	4579
Jake Marisnick	Free Agent	 	349	133	339	80	15	4	9	18	105	5	24	9	11339
Ike Davis	Free Agent	 	207	74	214	49	17	0	3	23	44	0	0	0	8433
Tyler Flowers	Free Agent	 	309	112	331	79	12	0	9	21	104	6	0	1	9134
Lonnie Chisenhall	Free Agent	 	330	106	333	82	19	1	7	23	69	1	4	1	7571
Pablo Sandoval	Lake Erie FireSurfers	$3 	442	126	470	115	25	1	10	25	73	7	0	0	5409
Juan Perez	Free Agent	 	36	22	39	11	3	0	0	1	6	0	1	0	5371
Jose Tabata	Free Agent	 	30	27	38	11	0	0	0	2	7	1	0	1	2411
Brandon Barnes	Free Agent	 	245	106	255	64	13	2	2	21	67	3	4	2	629
Yadier Molina	Italian Stallions	$3 	466	136	488	132	23	2	4	32	59	0	3	1	7007
Jace Peterson	Do Your Job	$1 	501	152	528	126	23	5	6	56	120	3	12	10	12325
Brett Hayes	Free Agent	 	33	14	32	5	0	0	3	3	7	0	0	0	4293
Victor Martinez	Lake Erie FireSurfers	$10 	440	120	440	108	20	0	11	31	52	7	0	0	393
Max Muncy	Free Agent	 	100	45	102	21	8	1	3	9	31	0	0	0	13301
Nick Swisher	Free Agent	 	218	76	219	43	9	0	6	35	54	3	0	0	4599
Darnell Sweeney	Free Agent	 	78	37	85	15	4	1	3	13	27	0	0	2	13284
Carlos Perez	Free Agent	 	240	86	260	65	13	0	4	19	49	0	2	0	10642
Eury Perez	Free Agent	 	108	47	119	32	4	0	0	7	23	4	3	1	10299
Adam Rosales	Free Agent	 	101	55	114	26	4	0	3	10	30	1	4	4	9682
Jake Smolinski	Free Agent	 	166	76	166	32	7	2	6	19	39	3	1	1	5408
Cheslor Cuthbert	Free Agent	 	43	19	46	10	2	1	1	4	9	0	0	0	10473
Tucker Barnhart	Free Agent	 	232	81	242	61	9	0	3	25	45	2	0	1	10200
Jesus Montero	Free Agent	 	104	38	112	25	6	0	5	4	32	0	0	0	5514
Stephen Drew	Free Agent	 	369	131	383	77	16	1	17	37	71	1	0	2	4251
Jason Castro	Do Your Job	$2 	324	104	337	71	19	0	11	33	115	2	0	0	8722
Matt Adams	Free Agent	 	165	60	175	42	9	0	5	10	41	0	1	0	9393
Freddy Galvis	Free Agent	 	514	151	559	147	14	5	7	30	103	3	10	1	6609
Adam LaRoche	Free Agent	 	402	127	429	89	21	0	12	49	133	4	0	0	1904
Rusney Castillo	Free Agent	 	236	80	273	69	10	2	5	13	54	1	4	5	17016
Kirk Nieuwenhuis	Free Agent	 	119	74	128	25	11	0	4	10	49	3	2	2	6400
Jimmy Rollins	Free Agent	 	474	144	517	116	24	3	13	44	86	0	12	8	971
Yan Gomes	Indiana Hoosiers	$6 	344	95	363	84	22	0	12	13	104	7	0	0	9627
Skip Schumaker	Free Agent	 	221	131	244	59	20	0	1	23	51	0	2	2	3704
Sean Rodriguez	Free Agent	 	193	139	224	55	12	1	4	5	63	6	2	2	6589
Aaron Hill	Free Agent	 	303	116	313	72	18	0	6	31	54	1	7	2	6104
Mike Baxter	Free Agent	 	51	34	57	14	1	0	0	7	14	2	0	0	4464
Chris Iannetta	Free Agent	 	260	92	272	51	10	0	10	41	83	1	0	1	8267
Juan Lagares	Free Agent	 	394	143	441	114	16	5	6	16	87	4	7	3	5384
Erick Aybar	Harvey's Wallbangers	$1 	524	156	597	161	30	1	3	25	73	4	15	6	4082
Angel Pagan	Free Agent	 	455	133	512	134	21	3	3	32	93	1	12	4	2918
Jose Ramirez	Free Agent	 	292	97	315	69	14	3	6	32	39	1	10	4	13510
Domonic Brown	Free Agent	 	170	63	189	43	6	1	5	14	36	1	3	1	3154
Alex Rios	Free Agent	 	354	105	385	98	22	2	4	15	67	5	9	0	2090
Alexei Ramirez	Free Agent	 	527	154	583	145	33	0	10	31	68	1	17	7	5133
Ryan Flaherty	Free Agent	 	250	91	267	54	8	3	9	26	81	4	0	0	7888
Trea Turner	Indiana Hoosiers	$5 	33	27	40	9	1	0	1	4	12	0	2	2	16252
David DeJesus	Free Agent	 	253	112	288	67	9	2	5	21	52	6	3	2	1825
Jason Bourgeois	Free Agent	 	169	68	196	47	5	2	3	14	33	1	3	1	2225
Eric Campbell	Free Agent	 	160	71	173	34	8	0	3	26	37	4	5	3	6938
Travis Ishikawa	Free Agent	 	55	44	63	13	3	0	1	9	20	0	0	0	4793
Andrew Romine	Free Agent	 	160	109	184	47	5	0	2	11	46	3	10	5	1159
Paul Janish	Free Agent	 	30	14	35	10	3	0	0	0	3	0	0	0	7412
Nick Ahmed	Free Agent	 	363	134	421	95	17	6	9	29	81	1	4	5	12147
Shane Robinson	Free Agent	 	157	83	180	45	7	3	0	12	29	1	6	1	4249
Kennys Vargas	Free Agent	 	146	58	175	42	4	0	5	9	54	0	0	0	12101
Delmon Young	Free Agent	 	140	52	174	47	6	0	2	4	29	1	0	0	2140
Clint Barmes	Free Agent	 	176	98	207	48	14	1	3	10	55	4	0	1	1830
Logan Schafer	Free Agent	 	106	69	122	27	6	1	1	12	29	2	1	0	7937
Munenori Kawasaki	Free Agent	 	21	23	28	6	2	0	0	4	6	0	0	1	13047
Michael Taylor	Tim and Lucas	$2 	449	138	472	108	15	2	14	35	158	1	16	3	11489
Chris Johnson	Free Agent	 	198	83	243	62	11	0	3	10	74	1	2	1	1191
Chase Utley	Free Agent	 	351	107	373	79	21	2	8	32	64	10	4	0	1679
Brandon Drury	Free Agent	 	48	20	56	12	3	0	2	2	8	1	0	0	11615
Michael Martinez	Free Agent	 	21	16	30	8	2	0	0	1	12	0	0	1	7358
Dan Uggla	Free Agent	 	102	67	120	22	4	2	2	19	40	1	0	1	3442
Peter Bourjos	Free Agent	 	163	117	195	39	8	3	4	19	59	6	5	8	2578
Justin Maxwell	Free Agent	 	213	100	249	52	8	2	7	20	76	3	2	1	6827
Shane Victorino	Free Agent	 	160	71	178	41	4	2	1	16	32	5	7	0	1677
Alcides Escobar	Free Agent	 	502	148	612	157	20	5	3	26	75	8	17	5	6310
Pedro Ciriaco	Free Agent	 	118	84	142	37	8	1	1	2	38	2	4	2	5278
Tommy Field	Free Agent	 	36	14	41	8	1	0	2	2	16	1	1	0	6262
Alberto Callaspo	Free Agent	 	186	97	230	54	7	0	1	28	34	0	0	0	3336
Giovanny Urshela	Free Agent	 	212	81	267	60	8	1	6	18	58	2	0	1	10681
Conor Gillaspie	Free Agent	 	197	75	237	54	15	2	4	13	47	1	0	1	9009
Garrett Jones	Free Agent	 	118	57	144	31	4	1	5	8	37	0	0	0	2714
Matt Szczur	Free Agent	 	63	47	72	16	5	0	1	6	15	0	2	0	11255
Michael Bourn	Free Agent	 	346	141	425	101	15	2	0	46	107	0	17	7	6387
Kurt Suzuki	Free Agent	 	354	131	433	104	17	0	5	29	59	7	0	0	8259
Jean Segura	Italian Stallions	$3 	465	142	560	144	16	5	6	13	93	6	25	6	5933
Rafael Ynoa	Free Agent	 	98	72	127	33	8	1	0	3	28	0	1	0	2832
Dixon Machado	Free Agent	 	53	24	68	16	3	0	0	7	14	0	1	0	11472
Ryan Lavarnway	Free Agent	 	79	37	94	18	6	0	2	12	28	0	0	0	8879
Brendan Ryan	Free Agent	 	74	47	96	22	6	2	0	5	29	1	0	0	6073
Gordon Beckham	Free Agent	 	175	100	211	44	8	0	6	19	43	2	0	1	9015
Mike Aviles	Free Agent	 	227	98	290	67	10	0	5	20	38	1	3	1	5986
Eric Sogard	Free Agent	 	288	120	372	92	12	3	1	23	50	2	6	1	7927
Daniel Nava	Free Agent	 	110	60	139	27	4	0	1	20	36	5	1	0	5450
Jordy Mercer	Free Agent	 	320	116	394	96	21	0	3	27	73	2	3	2	6547
Ehire Adrianza	Free Agent	 	88	52	113	21	7	1	0	15	20	4	3	2	8418
Ryan Rua	Free Agent	 	68	28	83	16	5	0	4	3	32	0	0	0	12409
Micah Johnson	Free Agent	 	74	36	100	23	4	0	0	9	30	2	3	2	13809
Wilson Ramos	Tim and Lucas	$3 	386	128	475	109	16	0	15	21	101	0	0	0	1433
Joey Terdoslavich	Free Agent	 	47	28	56	12	4	1	1	3	14	0	0	0	10593
Daniel Castro	Free Agent	 	72	33	96	23	2	1	2	3	15	0	0	0	15450
Tyler Saladino	Free Agent	 	190	68	236	53	6	4	4	12	51	2	8	2	10807
L.J. Hoes	Free Agent	 	10	8	15	4	0	0	0	1	3	0	0	0	6656
Tyler Moore	Free Agent	 	153	97	187	38	12	0	6	11	45	1	0	0	7244
Daniel Robertson	Free Agent	 	54	37	75	21	2	0	0	2	7	0	0	0	6266
Carlos Sanchez	Free Agent	 	288	120	389	87	23	1	5	19	81	5	2	2	11602
Efren Navarro	Free Agent	 	56	54	83	21	4	0	0	5	16	0	0	2	9854
Cristhian Adames	Free Agent	 	38	26	53	13	1	1	0	3	11	1	0	1	6013
Cliff Pennington	Free Agent	 	172	105	210	44	6	0	3	27	49	1	3	0	3395
Xavier Scruggs	Free Agent	 	30	17	42	11	2	0	0	0	10	1	1	0	7409
Daniel Descalso	Free Agent	 	151	101	185	38	3	2	5	20	45	0	1	2	8392
Carlos Ruiz	Free Agent	 	209	86	284	60	13	1	2	28	43	4	1	1	2579
Will Middlebrooks	Free Agent	 	198	83	255	54	7	2	9	11	60	0	2	1	7002
Alex Presley	Free Agent	 	8	8	12	3	0	0	0	1	5	0	0	0	5305
Mike Olt	Free Agent	 	66	30	94	18	0	0	4	7	35	1	0	1	10698
Jose Lobaton	Free Agent	 	103	44	136	27	4	0	3	15	40	1	0	0	4243
Travis Jankowski	Free Agent	 	65	34	90	19	2	2	2	4	24	0	2	1	13768
Sam Fuld	Free Agent	 	216	120	290	57	16	3	2	30	55	2	9	3	8254
Chris Owings	Free Agent	 	385	147	515	117	27	5	4	26	144	1	16	4	10030
Matt Joyce	Free Agent	 	175	93	247	43	12	1	5	30	67	4	0	3	3353
Martin Maldonado	Free Agent	 	167	79	229	48	7	0	4	23	65	1	0	1	6887
Leonys Martin	Free Agent	 	213	95	288	63	12	0	5	16	69	2	14	5	11846
Jon Jay	Free Agent	 	150	79	210	44	5	1	1	19	36	11	0	2	5227
Byron Buxton	Italian Stallions	$9 	86	46	129	27	7	1	2	6	44	1	2	2	14161
Steven Moya	Free Agent	 	15	9	22	4	0	1	0	3	10	0	0	0	11854
Kevin Plawecki	Free Agent	 	170	73	233	51	9	0	3	17	60	4	0	0	13807
Hernan Perez	Free Agent	 	181	112	263	64	15	2	1	5	59	0	5	1	5751
Allan Dykstra	Free Agent	 	22	13	31	4	0	0	1	6	12	1	0	0	9113
Billy Hamilton	Italian Stallions	$2 	360	114	412	93	8	3	4	28	75	1	57	8	10199
Corey Hart	Free Agent	 	41	35	54	12	1	0	2	1	19	1	0	0	1945
Ichiro Suzuki	Free Agent	 	270	153	398	91	5	6	1	31	51	0	11	5	1101
Darrell Ceciliani	Free Agent	 	50	39	68	14	2	0	1	4	25	2	5	1	9954
J.J. Hardy	Free Agent	 	269	114	411	90	14	0	8	20	88	0	0	0	3797
Junior Lake	Free Agent	 	59	29	80	16	7	0	1	4	29	0	4	0	4672
Jonathan Herrera	Free Agent	 	87	73	126	29	5	1	2	2	23	0	3	0	4182
Christian Walker	Free Agent	 	6	7	9	1	0	0	0	3	4	0	0	0	13419
David Lough	Free Agent	 	77	84	134	27	1	1	4	5	36	2	2	4	7215
Todd Cunningham	Free Agent	 	54	39	86	19	4	0	0	5	17	2	2	1	10822
Kaleb Cowart	Free Agent	 	28	34	46	8	2	0	1	5	19	0	1	1	11494
Casey McGehee	Free Agent	 	142	109	237	47	12	0	2	21	50	0	1	1	6086
Jose Pirela	Free Agent	 	47	37	74	17	3	0	1	2	16	0	1	0	5485
Tuffy Gosewisch	Free Agent	 	78	38	128	27	6	0	1	8	23	1	2	1	5277
Michael Saunders	Montreal Expos	$2 	18	9	31	6	0	0	0	5	10	0	0	0	9981
Carlos Corporan	Free Agent	 	69	33	107	19	4	0	3	6	40	4	0	0	5587
Jake Elmore	Free Agent	 	90	51	141	29	5	0	2	12	25	0	1	1	7290
Devin Mesoraco	Death Valley Scalpers	$10 	28	23	45	8	1	1	0	5	9	1	1	0	5666
John Mayberry	Free Agent	 	71	59	110	18	6	1	3	9	33	0	1	0	3390
Rickie Weeks	Free Agent	 	49	37	84	14	1	0	2	9	25	2	0	0	1849
Omar Infante	Free Agent	 	254	124	440	97	23	7	2	9	69	0	2	2	1609
Tony Cruz	Free Agent	 	83	69	142	29	7	1	2	6	32	0	0	0	2802
Alexi Amarista	Free Agent	 	207	118	324	66	10	4	3	24	55	1	5	1	9063
Mike Zunino	Free Agent	 	202	112	350	61	11	0	11	21	132	5	0	1	13265
Kyle Parker	Free Agent	 	63	46	106	19	3	1	3	6	37	0	1	0	11763
Danny Santana	Free Agent	 	141	91	261	56	10	5	0	6	68	3	8	4	10322
Hector Gomez	Free Agent	 	70	66	127	23	11	2	1	3	40	2	0	0	2264
Collin Cowgill	Free Agent	 	38	55	69	13	2	1	1	4	19	0	2	1	7250
Jose Peraza	Harvey's Wallbangers	$1 	21	7	22	4	1	1	0	2	2	0	3	0	13593
Bobby Wilson	Free Agent	 	65	56	132	25	5	0	1	11	39	1	0	1	6564
Drew Butera	Free Agent	 	50	55	107	21	3	0	1	6	26	2	0	1	3411
Nick Franklin	Free Agent	 	57	44	101	16	4	1	3	7	37	0	1	0	10166
Jordan Schafer	Free Agent	 	24	27	69	15	3	0	0	3	23	0	0	3	9883
Chase d'Arnaud	Free Agent	 	6	11	17	3	0	1	0	1	7	0	0	1	6652
Josh Thole	Free Agent	 	22	18	49	10	2	0	0	3	9	0	0	0	9689
Mac Williamson	Free Agent	 	16	10	32	7	0	1	0	0	8	1	0	0	14158
Ryan Strausborger	Free Agent	 	25	31	45	9	0	0	1	3	11	0	2	1	10937
Christian Bethancourt	Free Agent	 	75	48	155	31	8	0	2	5	33	0	1	1	10028
Leury Garcia	Free Agent	 	8	18	14	3	0	0	0	1	7	0	1	0	5913
Hector Sanchez	Free Agent	 	27	28	56	10	4	0	1	2	14	0	0	0	10289
David Ross	Free Agent	 	95	72	159	28	9	0	1	20	61	0	1	0	1551
Adam Moore	Free Agent	 	2	1	4	1	0	0	0	0	2	0	0	0	9362
Hanser Alberto	Free Agent	 	44	41	99	22	2	1	0	2	17	0	1	0	11902
Coco Crisp	Free Agent	 	57	44	126	22	6	0	0	13	25	0	2	0	1572
Chris Herrmann	Free Agent	 	47	45	103	15	5	1	2	7	37	2	0	0	9284
Everth Cabrera	Free Agent	 	44	29	96	20	2	0	0	5	22	1	2	0	8155
Oscar Hernandez	Free Agent	 	12	18	31	5	1	0	0	3	15	1	0	0	13490
Dustin Garneau	Free Agent	 	37	22	70	11	3	0	2	6	14	0	0	0	9433
Rene Rivera	Free Agent	 	128	110	298	53	14	0	5	11	86	3	0	0	3648
Jeff Mathis	Free Agent	 	48	32	93	15	4	1	2	7	24	0	0	0	3448
Robbie Grossman	Free Agent	 	20	24	49	7	2	0	1	5	17	0	0	0	5254
Carson Blair	Free Agent	 	13	11	31	4	0	0	1	4	18	0	0	0	5429
Jonathan Diaz	Free Agent	 	4	7	13	2	0	0	0	1	3	1	0	0	4142
Kyle Kubitza	Free Agent	 	12	19	36	7	0	0	0	3	15	0	0	0	12148
Joaquin Arias	Free Agent	 	23	40	58	12	1	0	1	0	12	0	1	0	3817
Allen Craig	Free Agent	 	28	36	79	12	1	0	1	7	26	2	0	0	3433
Erik Kratz	Free Agent	 	11	16	26	5	2	0	0	1	5	0	0	0	4403
Grant Green	Free Agent	 	15	21	42	8	0	0	1	2	14	0	0	1	10053
Anthony Recker	Free Agent	 	36	32	80	10	1	0	2	11	35	1	1	0	4063
Ramon Flores	Free Agent	 	10	12	32	7	1	0	0	0	4	0	0	0	11165
Kevin Frandsen	Free Agent	 	3	7	11	2	0	0	0	1	3	0	0	0	7528
Eric Young	Free Agent	 	38	53	85	13	4	2	0	6	18	1	6	2	7158
Donovan Solano	Free Agent	 	29	55	90	17	3	1	0	1	18	2	0	0	8623
Austin Hedges	Free Agent	 	53	56	137	23	2	0	3	8	38	1	0	0	12976
Johnny Monell	Free Agent	 	15	27	48	8	2	0	0	4	13	0	0	0	2783
Luis Sardinas	Free Agent	 	33	36	97	19	0	1	0	6	25	0	0	0	13153
Chris Taylor	Free Agent	 	28	37	94	16	3	1	0	6	31	0	3	2	13757
Sandy Leon	Free Agent	 	31	41	114	21	2	0	0	7	28	1	0	1	5273
Nick Noonan	Free Agent	 	8	14	22	2	1	0	1	2	8	0	0	0	6880
Kristopher Negron	Free Agent	 	25	43	93	13	2	0	0	9	23	3	2	0	5306
Gregorio Petit	Free Agent	 	15	20	42	7	3	0	0	3	16	0	0	0	3812
Daniel Dorn	Free Agent	 	7	23	30	5	1	0	0	2	10	0	0	0	1050
Dan Johnson	Free Agent	 	4	12	19	3	0	0	0	2	4	0	0	0	2167
Jesus Sucre	Free Agent	 	30	52	127	20	6	0	1	6	21	0	0	0	5942
Ryan Lollis	Free Agent	 	4	5	12	2	0	0	0	1	1	0	1	0	6623
Marc Krauss	Free Agent	 	20	27	78	11	3	0	2	3	31	0	0	0	7577
Reid Brignac	Free Agent	 	2	17	13	1	0	0	0	3	5	0	0	0	8380
Craig Gentry	Free Agent	 	9	26	50	6	0	2	0	4	15	1	1	1	9571
Pete Kozma	Free Agent	 	21	76	99	15	0	0	0	10	21	1	3	1	2539
Terrance Gore	Free Agent	 	6	9	3	0	0	0	0	0	1	1	3	0	13658
Rob Brantly	Free Agent	 	8	14	33	4	1	0	1	2	8	0	0	0	10655
Brennan Boesch	Free Agent	 	16	51	89	13	2	0	1	4	30	1	1	0	914
Emilio Bonifacio	Free Agent	 	0	47	78	13	2	0	0	2	27	1	1	4	4054
Taylor Teagarden	Free Agent	 	2	8	15	3	0	0	0	0	4	0	0	0	5199
Andy Parrino	Free Agent	 	0	17	6	0	0	0	0	2	5	0	0	0	3972
Willie Bloomquist	Free Agent	 	4	35	69	11	1	0	0	2	13	1	1	1	1066
Tomas Telis	Free Agent	 	5	23	38	6	0	0	0	1	4	2	0	0	10067
Arismendy Alcantara	Free Agent	 	2	11	26	2	0	0	0	5	11	0	1	0	10711
Wilmer Difo	Free Agent	 	0	15	11	2	0	0	0	0	2	0	0	0	14320
Matt McBride	Free Agent	 	0	20	42	7	0	0	0	0	4	1	0	0	9373
Pedro Florimon	Free Agent	 	2	24	23	2	0	1	0	2	12	0	1	0	8385
Cody Ross	Free Agent	 	-2	9	22	2	0	0	0	3	6	0	0	0	1760
James Jones	Free Agent	 	-4	28	29	3	1	0	0	2	13	0	1	1	9767
Tyler Holt	Free Agent	 	-3	14	31	3	0	0	0	3	11	0	1	0	11391
Nevin Ashley	Free Agent	 	-3	12	20	2	1	0	0	0	8	1	0	0	3274
Francisco Pena	Free Agent	 	-1	8	7	1	0	0	0	0	3	0	0	0	8298
Max Kepler	Montreal Expos	$4 	-1	3	7	1	0	0	0	0	3	0	0	0	12144
Zach Walters	Free Agent	 	-8	12	30	4	0	0	0	0	15	0	0	0	10622
Juan Centeno	Free Agent	 	-7	10	21	1	1	0	0	2	7	0	0	0	7168
Jhonatan Solano	Free Agent	 	-9	7	20	1	1	0	0	1	1	0	0	0	7515
Rocky Gale	Free Agent	 	-4	11	10	1	0	0	0	0	1	0	0	0	10533
Ryan LaMarre	Free Agent	 	-14	21	25	2	0	0	0	0	9	0	0	0	10700
Jason Pridie	Free Agent	 	-6	6	9	0	0	0	0	1	4	0	0	0	4611
Ryan Jackson	Free Agent	 	-6	22	9	0	0	0	0	1	5	0	0	0	6596
Yadiel Rivera	Free Agent	 	-8	7	14	1	0	0	0	0	4	0	0	0	11863
Steve Lombardozzi	Free Agent	 	-7	12	10	0	0	0	0	1	4	0	0	0	5422
Edward Easley	Free Agent	 	-6	4	6	0	0	0	0	0	1	0	0	0	2487
Gorkys Hernandez	Free Agent	 	-3	8	5	0	0	0	0	0	0	0	1	0	4146
Jordany Valdespin	Free Agent	 	-4	2	4	0	0	0	0	0	1	0	0	0	5098
Austin Romine	Free Agent	 	-2	1	2	0	0	0	0	0	0	0	0	0	5491
Dean Anna	Free Agent	 	-1	1	1	0	0	0	0	0	0	0	0	0	8353
Dustin Coleman	Free Agent	 	-5	4	5	0	0	0	0	0	3	0	0	0	8979
Jordan Danks	Free Agent	 	-4	4	4	0	0	0	0	0	2	0	0	0	9187
Keon Broxton	Free Agent	 	-3	7	2	0	0	0	0	0	1	0	1	1	9253
Quintin Berry	Free Agent	 	0	8	1	0	0	0	0	0	1	0	2	1	9414
Cody Decker	Free Agent	 	-11	8	11	0	0	0	0	0	5	0	0	0	9665
Steven Baron	Free Agent	 	-11	4	11	0	0	0	0	0	2	0	0	0	9787
Jeff Bianchi	Free Agent	 	-2	3	2	0	0	0	0	0	0	0	0	0	9958
Michael Choice	Free Agent	 	-1	1	1	0	0	0	0	0	1	0	0	0	11376
Kyle Waldrop	Free Agent	 	-1	1	1	0	0	0	0	0	1	0	0	0	11402
Gary Sanchez	Free Agent	 	-2	2	2	0	0	0	0	0	1	0	0	0	11442
Garin Cecchini	Free Agent	 	-4	2	4	0	0	0	0	0	3	0	0	0	11608
Elias Diaz	Free Agent	 	-2	2	2	0	0	0	0	0	1	0	0	0	11680
